Family,BSS_0_1,BSS_0_2,BSS_0_3,M_0_1,M_0_2,M_0_3
PSI,31891.50278,35980.81313,25531.11907,134281.34,147398.7031,116106.867
