Family,BSS_0_1,BSS_0_2,BSS_0_3,M_0_1,M_0_2,M_0_3
PSII,37291.72785,44838.24011,33826.13647,174790.1521,183822.5023,147648.163
