Sample,RQ,rep
WT,1.504305599,1
WT,0.882374328,2
WT,0.753374756,3
OE,445.4184171,1
OE,397.8057032,2
OE,614.4806321,3
